category,n_pa,pa_area_km2,pa_area_share_pct,pop_inside_million,pop_inside_pct,pop_buffer10_million,buffer_area_km2,pop_density_buffer10,pop_inside_or_10km_million,pop_inside_or_10km_pct,people_inside_or_10km_per_km2_pa,people_buffer10_per_km2_pa
Strict PAs (IUCN Ia-III),1153,1349625.8933473274,4.055626327539475,9.880179930658562,0.40121731443330255,186.21981862058948,1653054.6566118447,112.65194279920046,196.099998551248,7.9632876456999835,145.2995230143984,137.9788425359335
Non-strict PAs (IUCN IV-VI),2518,1500838.511230091,4.5100203023175505,18.525910288995636,0.7523057298297274,224.97739098864227,1660027.4293143537,135.52630939451728,243.5033012776379,9.888255201820522,162.24483810590786,149.90113147100033
Unknown IUCN category,5356,1545677.557576333,4.644761653798706,32.33634619849629,1.3131240596224079,430.147192260223,2887275.134478227,148.9803265105031,462.48353845871924,18.78067045056841,299.2108775803841,278.2903783210168
All PAs,9027,4396141.962153751,13.210408283655731,60.742436418150476,2.4666471038854376,841.3444018694547,6200357.220404426,135.69289187092627,902.0868382876051,36.632213298088914,205.19966053272222,191.38244604304464
