iso3,adm_level,country_name,adm1_name,pa_count_strict_2000,pa_area_strict_2000_km2,pa_area10km_strict_2000_km2,pop2000_in_pa_strict_WP,pop2000_in_pa10_strict_WP,pop2000_in_pa_strict_GHSL,pop2000_in_pa10_strict_GHSL,pa_count_strict_2020,pa_area_strict_2020_km2,pa_area10km_strict_2020_km2,pop2020_in_pa_strict_WP,pop2020_in_pa10_strict_WP,pop2020_in_pa_strict_GHSL,pop2020_in_pa10_strict_GHSL,pa_count_non_2000,pa_area_non_2000_km2,pa_area10km_non_2000_km2,pop2000_in_pa_non_WP,pop2000_in_pa10_non_WP,pop2000_in_pa_non_GHSL,pop2000_in_pa10_non_GHSL,pa_count_non_2020,pa_area_non_2020_km2,pa_area10km_non_2020_km2,pop2020_in_pa_non_WP,pop2020_in_pa10_non_WP,pop2020_in_pa_non_GHSL,pop2020_in_pa10_non_GHSL,pa_count_all_2000,pa_area_all_2000_km2,pa_area10km_all_2000_km2,pop2000_in_pa_all_WP,pop2000_in_pa10_all_WP,pop2000_in_pa_all_GHSL,pop2000_in_pa10_all_GHSL,pa_count_all_2020,pa_area_all_2020_km2,pa_area10km_all_2020_km2,pop2020_in_pa_all_WP,pop2020_in_pa10_all_WP,pop2020_in_pa_all_GHSL,pop2020_in_pa10_all_GHSL,pop2000_total_WP,pop2020_total_WP,pop2000_total_GHSL,pop2020_total_GHSL,country_area_km2,adm_area_km2
GMB,0,"Gambia, The",,4,264.71823162614874,2557.4313881875955,12420.0,516316.0,2448.0,705278.0,6,521.8643620687882,3334.3965881517383,135895.0,1156906.0,18315.0,1490117.0,2,268.71860091329654,1462.5859716846685,15948.0,272404.0,281.0,537832.0,15,320.20743461368716,4724.643318482893,33215.0,1060883.0,848.0,1566441.0,6,533.4368325394454,3179.4399193263353,28368.0,574637.0,2729.0,800433.0,21,842.0717966824756,6424.754069837385,169110.0,1616402.0,19164.0,2017262.0,1060607.0,2080120.0,1440719.0,2578733.0,10757.838130455775,10757.838130463693
