iso3,adm_level,country_name,adm1_name,pa_count_strict_2000,pa_area_strict_2000_km2,pa_area10km_strict_2000_km2,pop2000_in_pa_strict_WP,pop2000_in_pa10_strict_WP,pop2000_in_pa_strict_GHSL,pop2000_in_pa10_strict_GHSL,pa_count_strict_2020,pa_area_strict_2020_km2,pa_area10km_strict_2020_km2,pop2020_in_pa_strict_WP,pop2020_in_pa10_strict_WP,pop2020_in_pa_strict_GHSL,pop2020_in_pa10_strict_GHSL,pa_count_non_2000,pa_area_non_2000_km2,pa_area10km_non_2000_km2,pop2000_in_pa_non_WP,pop2000_in_pa10_non_WP,pop2000_in_pa_non_GHSL,pop2000_in_pa10_non_GHSL,pa_count_non_2020,pa_area_non_2020_km2,pa_area10km_non_2020_km2,pop2020_in_pa_non_WP,pop2020_in_pa10_non_WP,pop2020_in_pa_non_GHSL,pop2020_in_pa10_non_GHSL,pa_count_all_2000,pa_area_all_2000_km2,pa_area10km_all_2000_km2,pop2000_in_pa_all_WP,pop2000_in_pa10_all_WP,pop2000_in_pa_all_GHSL,pop2000_in_pa10_all_GHSL,pa_count_all_2020,pa_area_all_2020_km2,pa_area10km_all_2020_km2,pop2020_in_pa_all_WP,pop2020_in_pa10_all_WP,pop2020_in_pa_all_GHSL,pop2020_in_pa10_all_GHSL,pop2000_total_WP,pop2020_total_WP,pop2000_total_GHSL,pop2020_total_GHSL,country_area_km2,adm_area_km2
GHA,0,Ghana,,61,15952.931434568156,67368.6853745285,253878.0,3317383.0,40018.0,3530215.0,62,16325.567290615803,67679.54078709707,364230.0,5035426.0,60919.0,4974872.0,192,18567.394907200603,106108.0293824666,652459.0,1.0155984E7,139381.0,1.2465536E7,193,18569.41462505344,106411.10132890787,906410.0,1.796825E7,225771.0,2.0864511E7,253,34520.32634176876,134350.2082398394,906336.0,1.0943234E7,179399.0,1.3296021E7,255,34894.98191566924,134964.13559884927,1270639.0,1.9200058E7,286690.0,2.2026777E7,1.6319287E7,2.8499381E7,1.92279E7,3.1766114E7,239771.52602221878,239771.52602241922
