iso3,adm_level,country_name,adm1_name,pa_count_strict_2000,pa_area_strict_2000_km2,pa_area10km_strict_2000_km2,pop2000_in_pa_strict_WP,pop2000_in_pa10_strict_WP,pop2000_in_pa_strict_GHSL,pop2000_in_pa10_strict_GHSL,pa_count_strict_2020,pa_area_strict_2020_km2,pa_area10km_strict_2020_km2,pop2020_in_pa_strict_WP,pop2020_in_pa10_strict_WP,pop2020_in_pa_strict_GHSL,pop2020_in_pa10_strict_GHSL,pa_count_non_2000,pa_area_non_2000_km2,pa_area10km_non_2000_km2,pop2000_in_pa_non_WP,pop2000_in_pa10_non_WP,pop2000_in_pa_non_GHSL,pop2000_in_pa10_non_GHSL,pa_count_non_2020,pa_area_non_2020_km2,pa_area10km_non_2020_km2,pop2020_in_pa_non_WP,pop2020_in_pa10_non_WP,pop2020_in_pa_non_GHSL,pop2020_in_pa10_non_GHSL,pa_count_all_2000,pa_area_all_2000_km2,pa_area10km_all_2000_km2,pop2000_in_pa_all_WP,pop2000_in_pa10_all_WP,pop2000_in_pa_all_GHSL,pop2000_in_pa10_all_GHSL,pa_count_all_2020,pa_area_all_2020_km2,pa_area10km_all_2020_km2,pop2020_in_pa_all_WP,pop2020_in_pa10_all_WP,pop2020_in_pa_all_GHSL,pop2020_in_pa10_all_GHSL,pop2000_total_WP,pop2020_total_WP,pop2000_total_GHSL,pop2020_total_GHSL,country_area_km2,adm_area_km2
NIC,0,Nicaragua,,6,7017.757299883222,14145.993470014,40719.0,605969.0,57678.0,569013.0,10,8067.274160775612,18064.536036862864,132458.0,1011590.0,135330.0,927088.0,58,11075.642345539403,46808.75195651012,181724.0,2567728.0,72191.0,3312500.0,68,18595.23801842698,60078.57152883721,391051.0,3887222.0,168523.0,4575721.0,64,18093.399645422625,54235.171474585775,222443.0,2635650.0,129870.0,3382268.0,78,26662.512179202586,68497.28627489456,523509.0,4047540.0,303853.0,4735363.0,4059286.0,5921643.0,5120450.0,6749524.0,128928.77629154283,128928.77629148892
