iso3,adm_level,country_name,adm1_name,pa_count_strict_2000,pa_area_strict_2000_km2,pa_area10km_strict_2000_km2,pop2000_in_pa_strict_WP,pop2000_in_pa10_strict_WP,pop2000_in_pa_strict_GHSL,pop2000_in_pa10_strict_GHSL,pa_count_strict_2020,pa_area_strict_2020_km2,pa_area10km_strict_2020_km2,pop2020_in_pa_strict_WP,pop2020_in_pa10_strict_WP,pop2020_in_pa_strict_GHSL,pop2020_in_pa10_strict_GHSL,pa_count_non_2000,pa_area_non_2000_km2,pa_area10km_non_2000_km2,pop2000_in_pa_non_WP,pop2000_in_pa10_non_WP,pop2000_in_pa_non_GHSL,pop2000_in_pa10_non_GHSL,pa_count_non_2020,pa_area_non_2020_km2,pa_area10km_non_2020_km2,pop2020_in_pa_non_WP,pop2020_in_pa10_non_WP,pop2020_in_pa_non_GHSL,pop2020_in_pa10_non_GHSL,pa_count_all_2000,pa_area_all_2000_km2,pa_area10km_all_2000_km2,pop2000_in_pa_all_WP,pop2000_in_pa10_all_WP,pop2000_in_pa_all_GHSL,pop2000_in_pa10_all_GHSL,pa_count_all_2020,pa_area_all_2020_km2,pa_area10km_all_2020_km2,pop2020_in_pa_all_WP,pop2020_in_pa10_all_WP,pop2020_in_pa_all_GHSL,pop2020_in_pa10_all_GHSL,pop2000_total_WP,pop2020_total_WP,pop2000_total_GHSL,pop2020_total_GHSL,country_area_km2,adm_area_km2
MWI,0,Malawi,,6,6948.363009043464,16178.82663241053,9315.0,596136.0,8029.0,778309.0,6,6948.3630090434635,16178.826632410526,24678.0,1024187.0,16052.0,1327078.0,81,12320.395297443878,56588.91014117944,118711.0,5038635.0,123629.0,6359431.0,86,12608.567593806183,59482.18361890602,211777.0,8789062.0,214859.0,1.1014775E7,87,19268.758306487343,69263.15870929419,128026.0,5421079.0,131659.0,6866485.0,92,19556.93060284965,70986.10332039531,236455.0,9378679.0,230911.0,1.1796792E7,9034506.0,1.5923433E7,1.1241489E7,1.9388421E7,119133.777118552,119133.77711839225
