iso3,adm_level,country_name,adm1_name,pa_count_strict_2000,pa_area_strict_2000_km2,pa_area10km_strict_2000_km2,pop2000_in_pa_strict_WP,pop2000_in_pa10_strict_WP,pop2000_in_pa_strict_GHSL,pop2000_in_pa10_strict_GHSL,pa_count_strict_2020,pa_area_strict_2020_km2,pa_area10km_strict_2020_km2,pop2020_in_pa_strict_WP,pop2020_in_pa10_strict_WP,pop2020_in_pa_strict_GHSL,pop2020_in_pa10_strict_GHSL,pa_count_non_2000,pa_area_non_2000_km2,pa_area10km_non_2000_km2,pop2000_in_pa_non_WP,pop2000_in_pa10_non_WP,pop2000_in_pa_non_GHSL,pop2000_in_pa10_non_GHSL,pa_count_non_2020,pa_area_non_2020_km2,pa_area10km_non_2020_km2,pop2020_in_pa_non_WP,pop2020_in_pa10_non_WP,pop2020_in_pa_non_GHSL,pop2020_in_pa10_non_GHSL,pa_count_all_2000,pa_area_all_2000_km2,pa_area10km_all_2000_km2,pop2000_in_pa_all_WP,pop2000_in_pa10_all_WP,pop2000_in_pa_all_GHSL,pop2000_in_pa10_all_GHSL,pa_count_all_2020,pa_area_all_2020_km2,pa_area10km_all_2020_km2,pop2020_in_pa_all_WP,pop2020_in_pa10_all_WP,pop2020_in_pa_all_GHSL,pop2020_in_pa10_all_GHSL,pop2000_total_WP,pop2020_total_WP,pop2000_total_GHSL,pop2020_total_GHSL,country_area_km2,adm_area_km2
ZWE,0,Zimbabwe,,18,27023.84719836253,49309.32818764539,108740.0,352813.0,11832.0,278361.0,19,27026.109254944713,49309.328187645384,132618.0,435641.0,14589.0,434815.0,51,23561.731687221214,67175.33331461065,162995.0,1460767.0,54361.0,1757164.0,52,23568.52206696467,67965.36253512817,232312.0,1963272.0,59269.0,2400101.0,69,50585.57888558376,99664.44452191406,271734.0,1706630.0,66193.0,1971727.0,70,50594.63132190941,100101.300611747,364930.0,2248181.0,73858.0,2704503.0,9788608.0,1.2369563E7,1.1830427E7,1.5674141E7,391924.152690212,391924.1526903642
